movie_name,year,time,rating,metascore,votes,gross
movie_name,year,time,rating,metascore,votes,gross
movie_name,year,time,rating,metascore,votes,gross
movie_name,year,time,rating,metascore,votes,gross
movie_name,year,time,rating,metascore,votes,gross
movie_name,year,time,rating,metascore,votes,gross
movie_name,year,time,rating,metascore,votes,gross
movie_name,year,time,rating,metascore,votes,gross
movie_name,year,time,rating,metascore,votes,gross
movie_name,year,time,rating,metascore,votes,gross
movie_name,year,time,rating,metascore,votes,gross
movie_name,year,time,rating,metascore,votes,gross
movie_name,year,time,rating,metascore,votes,gross
movie_name,year,time,rating,metascore,votes,gross
movie_name,year,time,rating,metascore,votes,gross
movie_name,year,time,rating,metascore,votes,gross
movie_name,year,time,rating,metascore,votes,gross
movie_name,year,time,rating,metascore,votes,gross
movie_name,year,time,rating,metascore,votes,gross
movie_name,year,time,rating,metascore,votes,gross
movie_name,year,time,rating,metascore,votes,gross
movie_name,year,time,rating,metascore,votes,gross
movie_name,year,time,rating,metascore,votes,gross
movie_name,year,time,rating,metascore,votes,gross
movie_name,year,time,rating,metascore,votes,gross
movie_name,year,time,rating,metascore,votes,gross
movie_name,year,time,rating,metascore,votes,gross
movie_name,year,time,rating,metascore,votes,gross
movie_name,year,time,rating,metascore,votes,gross
movie_name,year,time,rating,metascore,votes,gross
movie_name,year,time,rating,metascore,votes,gross
movie_name,year,time,rating,metascore,votes,gross
movie_name,year,time,rating,metascore,votes,gross
movie_name,year,time,rating,metascore,votes,gross
movie_name,year,time,rating,metascore,votes,gross
movie_name,year,time,rating,metascore,votes,gross
movie_name,year,time,rating,metascore,votes,gross
movie_name,year,time,rating,metascore,votes,gross
movie_name,year,time,rating,metascore,votes,gross
movie_name,year,time,rating,metascore,votes,gross
movie_name,year,time,rating,metascore,votes,gross
movie_name,year,time,rating,metascore,votes,gross
movie_name,year,time,rating,metascore,votes,gross
movie_name,year,time,rating,metascore,votes,gross
movie_name,year,time,rating,metascore,votes,gross
movie_name,year,time,rating,metascore,votes,gross
movie_name,year,time,rating,metascore,votes,gross
movie_name,year,time,rating,metascore,votes,gross
movie_name,year,time,rating,metascore,votes,gross
movie_name,year,time,rating,metascore,votes,gross
movie_name,year,time,rating,metascore,votes,gross
movie_name,year,time,rating,metascore,votes,gross
movie_name,year,time,rating,metascore,votes,gross
movie_name,year,time,rating,metascore,votes,gross
movie_name,year,time,rating,metascore,votes,gross
movie_name,year,time,rating,metascore,votes,gross
movie_name,year,time,rating,metascore,votes,gross
movie_name,year,time,rating,metascore,votes,gross
movie_name,year,time,rating,metascore,votes,gross
movie_name,year,time,rating,metascore,votes,gross
movie_name,year,time,rating,metascore,votes,gross
movie_name,year,time,rating,metascore,votes,gross
movie_name,year,time,rating,metascore,votes,gross
movie_name,year,time,rating,metascore,votes,gross
movie_name,year,time,rating,metascore,votes,gross
movie_name,year,time,rating,metascore,votes,gross
movie_name,year,time,rating,metascore,votes,gross
movie_name,year,time,rating,metascore,votes,gross
movie_name,year,time,rating,metascore,votes,gross
movie_name,year,time,rating,metascore,votes,gross
movie_name,year,time,rating,metascore,votes,gross
movie_name,year,time,rating,metascore,votes,gross
movie_name,year,time,rating,metascore,votes,gross
movie_name,year,time,rating,metascore,votes,gross
movie_name,year,time,rating,metascore,votes,gross
movie_name,year,time,rating,metascore,votes,gross
movie_name,year,time,rating,metascore,votes,gross
movie_name,year,time,rating,metascore,votes,gross
movie_name,year,time,rating,metascore,votes,gross
movie_name,year,time,rating,metascore,votes,gross
movie_name,year,time,rating,metascore,votes,gross
movie_name,year,time,rating,metascore,votes,gross
movie_name,year,time,rating,metascore,votes,gross
movie_name,year,time,rating,metascore,votes,gross
movie_name,year,time,rating,metascore,votes,gross
movie_name,year,time,rating,metascore,votes,gross
movie_name,year,time,rating,metascore,votes,gross
movie_name,year,time,rating,metascore,votes,gross
movie_name,year,time,rating,metascore,votes,gross
movie_name,year,time,rating,metascore,votes,gross
movie_name,year,time,rating,metascore,votes,gross
movie_name,year,time,rating,metascore,votes,gross
movie_name,year,time,rating,metascore,votes,gross
movie_name,year,time,rating,metascore,votes,gross
movie_name,year,time,rating,metascore,votes,gross
movie_name,year,time,rating,metascore,votes,gross
movie_name,year,time,rating,metascore,votes,gross
movie_name,year,time,rating,metascore,votes,gross
movie_name,year,time,rating,metascore,votes,gross
movie_name,year,time,rating,metascore,votes,gross
movie_name,year,time,rating,metascore,votes,gross
